Intervention,R,ME,VT,WTS,FF,WXA,MS2,BFS,O
NL,"0.09 (-0.28 , 0.45)","0.2 (-0.18 , 0.58)","0.18 (-0.15 , 0.51)","0.22 (-0.2 , 0.64)","0.11 (-0.23 , 0.45)","0.24 (-0.13 , 0.62)","0.11 (-0.19 , 0.41)","0.21 (-0.06 , 0.48)","0.19 (-0.11 , 0.5)"
R,NA,"0.12 (-0.21 , 0.44)","0.09 (-0.25 , 0.43)","0.13 (-0.19 , 0.46)","0.03 (-0.22 , 0.28)","0.16 (-0.2 , 0.52)","0.03 (-0.28 , 0.34)","0.12 (-0.23 , 0.47)","0.11 (-0.17 , 0.38)"
ME,NA,NA,"-0.03 (-0.36 , 0.31)","0.02 (-0.34 , 0.37)","-0.09 (-0.39 , 0.21)","0.04 (-0.37 , 0.45)","-0.09 (-0.41 , 0.23)","0 (-0.31 , 0.32)","-0.01 (-0.32 , 0.31)"
VT,NA,NA,NA,"0.04 (-0.31 , 0.39)","-0.07 (-0.3 , 0.16)","0.07 (-0.35 , 0.49)","-0.06 (-0.36 , 0.23)","0.03 (-0.27 , 0.32)","0.02 (-0.24 , 0.27)"
WTS,NA,NA,NA,NA,"-0.11 (-0.42 , 0.2)","0.03 (-0.35 , 0.4)","-0.11 (-0.42 , 0.21)","-0.01 (-0.28 , 0.25)","-0.03 (-0.32 , 0.27)"
FF,NA,NA,NA,NA,NA,"0.13 (-0.23 , 0.5)","0 (-0.27 , 0.27)","0.1 (-0.2 , 0.39)","0.08 (-0.16 , 0.32)"
WXA,NA,NA,NA,NA,NA,NA,"-0.13 (-0.49 , 0.22)","-0.04 (-0.37 , 0.3)","-0.05 (-0.41 , 0.31)"
MS2,NA,NA,NA,NA,NA,NA,NA,"0.09 (-0.14 , 0.33)","0.08 (-0.17 , 0.33)"
BFS,NA,NA,NA,NA,NA,NA,NA,NA,"-0.01 (-0.26 , 0.23)"
