Intervention,FF.BFS,FF.MS2,FF.MS2.BFS,ME.FF.MS2.BFS,ME.VT.WXA,MS2,NL.R,NL.R.FF.BFS,NL.R.ME.VT.WTS.FF.MS2,NL.R.ME.VT.WTS.MS2,NL.R.VT.FF.WXA.MS2,NL.R.VT.WTS.FF.MS2,NL.R.VT.WTS.FF.MS2.BFS,NL.R.VT.WTS.MS2,R,R.BFS,R.FF.BFS,R.FF.MS2,R.FF.MS2.BFS,R.ME.VT.MS2,R.MS2,R.VT,R.VT.BFS,R.VT.FF.BFS,R.VT.FF.MS2.BFS,R.VT.FF.WXA.MS2.BFS,R.VT.MS2,R.VT.MS2.BFS,R.VT.WTS.FF.MS2,R.VT.WTS.FF.WXA.MS2.BFS,R.VT.WTS.MS2,R.VT.WXA.MS2,R.WTS.FF.BFS,R.WTS.FF.MS2.BFS,VT,VT.MS2,WTS.FF
FF,"0.17 (-0.74 , 1.08)","0.95 (-0.24 , 2.13)","1 (-0.01 , 2)","0.97 (-0.12 , 2.06)","0.36 (-0.54 , 1.26)","-0.41 (-1.03 , 0.21)","-1.68 (-3 , -0.35)","0.68 (-0.38 , 1.74)","1.24 (0.06 , 2.41)","0.86 (-0.19 , 1.9)","1.63 (0.4 , 2.87)","0.99 (-0.15 , 2.14)","1.28 (0.08 , 2.47)","0.82 (-0.12 , 1.77)","0 (-0.65 , 0.64)","0.27 (-0.42 , 0.96)","0.43 (-0.55 , 1.41)","1.33 (0.25 , 2.4)","1.14 (-0.02 , 2.3)","-0.04 (-1.23 , 1.14)","1.15 (0.25 , 2.05)","0.74 (-0.37 , 1.85)","0.62 (-0.15 , 1.4)","1.07 (-0.08 , 2.22)","1.26 (0.1 , 2.42)","1.34 (0.09 , 2.58)","1.61 (0.6 , 2.63)","1.4 (0.46 , 2.34)","1.71 (0.47 , 2.95)","1.1 (-0.15 , 2.35)","1.57 (0.58 , 2.56)","1.19 (0.19 , 2.2)","0.77 (-0.42 , 1.97)","0.76 (-0.54 , 2.05)","-0.02 (-0.58 , 0.55)","1.17 (0.34 , 1.99)","0.54 (-0.8 , 1.88)"
FF.BFS,NA,"0.77 (-0.39 , 1.94)","0.82 (-0.15 , 1.8)","0.8 (-0.26 , 1.86)","0.19 (-0.9 , 1.29)","-0.58 (-1.46 , 0.3)","-1.85 (-3.31 , -0.38)","0.51 (-0.52 , 1.54)","1.07 (-0.09 , 2.22)","0.68 (-0.53 , 1.9)","1.46 (0.25 , 2.67)","0.82 (-0.3 , 1.94)","1.1 (-0.06 , 2.27)","0.65 (-0.48 , 1.78)","-0.17 (-1.07 , 0.72)","0.1 (-0.83 , 1.03)","0.26 (-0.69 , 1.21)","1.16 (0.02 , 2.3)","0.97 (-0.16 , 2.11)","-0.21 (-1.55 , 1.12)","0.98 (-0.12 , 2.07)","0.57 (-0.7 , 1.84)","0.45 (-0.56 , 1.46)","0.9 (-0.23 , 2.03)","1.09 (-0.05 , 2.22)","1.17 (-0.05 , 2.39)","1.44 (0.25 , 2.63)","1.23 (0.1 , 2.35)","1.54 (0.32 , 2.75)","0.93 (-0.3 , 2.16)","1.4 (0.23 , 2.57)","1.02 (-0.16 , 2.21)","0.6 (-0.57 , 1.77)","0.59 (-0.69 , 1.86)","-0.19 (-1.03 , 0.65)","1 (-0.04 , 2.03)","0.37 (-0.95 , 1.68)"
FF.MS2,NA,NA,"0.05 (-0.8 , 0.9)","0.02 (-0.92 , 0.97)","-0.58 (-1.85 , 0.68)","-1.35 (-2.63 , -0.08)","-2.62 (-4.22 , -1.02)","-0.26 (-1.4 , 0.87)","0.29 (-0.76 , 1.34)","-0.09 (-1.28 , 1.1)","0.69 (-0.42 , 1.8)","0.05 (-0.97 , 1.06)","0.33 (-0.73 , 1.39)","-0.12 (-1.23 , 0.98)","-0.95 (-2.05 , 0.15)","-0.68 (-1.8 , 0.45)","-0.52 (-1.58 , 0.55)","0.38 (-0.69 , 1.46)","0.2 (-0.83 , 1.23)","-0.99 (-2.31 , 0.33)","0.2 (-0.87 , 1.28)","-0.2 (-1.63 , 1.22)","-0.32 (-1.52 , 0.88)","0.13 (-1.1 , 1.35)","0.31 (-0.72 , 1.34)","0.39 (-0.73 , 1.52)","0.67 (-0.5 , 1.84)","0.45 (-0.65 , 1.56)","0.76 (-0.36 , 1.88)","0.16 (-0.97 , 1.29)","0.63 (-0.52 , 1.78)","0.25 (-0.91 , 1.41)","-0.17 (-1.43 , 1.09)","-0.19 (-1.37 , 0.99)","-0.96 (-2.01 , 0.09)","0.22 (-0.79 , 1.23)","-0.41 (-1.81 , 0.99)"
FF.MS2.BFS,NA,NA,NA,"-0.03 (-0.55 , 0.5)","-0.63 (-1.72 , 0.46)","-1.4 (-2.51 , -0.3)","-2.67 (-4.13 , -1.21)","-0.31 (-1.25 , 0.62)","0.24 (-0.59 , 1.07)","-0.14 (-1.14 , 0.86)","0.64 (-0.27 , 1.55)","0 (-0.79 , 0.78)","0.28 (-0.57 , 1.13)","-0.17 (-1.08 , 0.73)","-1 (-1.89 , -0.11)","-0.73 (-1.65 , 0.2)","-0.57 (-1.42 , 0.28)","0.33 (-0.53 , 1.19)","0.15 (-0.66 , 0.95)","-1.04 (-2.19 , 0.11)","0.15 (-0.71 , 1.01)","-0.25 (-1.52 , 1.02)","-0.37 (-1.38 , 0.64)","0.08 (-0.93 , 1.08)","0.26 (-0.54 , 1.07)","0.34 (-0.58 , 1.26)","0.62 (-0.36 , 1.59)","0.4 (-0.5 , 1.3)","0.71 (-0.21 , 1.63)","0.11 (-0.82 , 1.04)","0.58 (-0.37 , 1.53)","0.2 (-0.77 , 1.17)","-0.22 (-1.31 , 0.87)","-0.24 (-1.23 , 0.75)","-1.01 (-1.85 , -0.18)","0.17 (-0.6 , 0.95)","-0.46 (-1.71 , 0.79)"
ME.FF.MS2.BFS,NA,NA,NA,NA,"-0.61 (-1.78 , 0.57)","-1.38 (-2.56 , -0.19)","-2.64 (-4.17 , -1.12)","-0.29 (-1.32 , 0.74)","0.27 (-0.66 , 1.2)","-0.11 (-1.2 , 0.98)","0.66 (-0.34 , 1.67)","0.02 (-0.87 , 0.92)","0.31 (-0.64 , 1.26)","-0.15 (-1.14 , 0.85)","-0.97 (-1.96 , 0.02)","-0.7 (-1.72 , 0.32)","-0.54 (-1.49 , 0.41)","0.36 (-0.6 , 1.32)","0.17 (-0.74 , 1.08)","-1.01 (-2.24 , 0.22)","0.18 (-0.78 , 1.14)","-0.23 (-1.57 , 1.11)","-0.34 (-1.44 , 0.75)","0.1 (-1 , 1.21)","0.29 (-0.62 , 1.2)","0.37 (-0.65 , 1.38)","0.64 (-0.42 , 1.71)","0.43 (-0.56 , 1.42)","0.74 (-0.28 , 1.75)","0.13 (-0.89 , 1.16)","0.61 (-0.44 , 1.65)","0.23 (-0.83 , 1.28)","-0.19 (-1.36 , 0.97)","-0.21 (-1.29 , 0.87)","-0.98 (-1.92 , -0.05)","0.2 (-0.69 , 1.08)","-0.43 (-1.75 , 0.89)"
ME.VT.WXA,NA,NA,NA,NA,NA,"-0.77 (-1.71 , 0.17)","-2.04 (-3.54 , -0.54)","0.32 (-0.83 , 1.46)","0.87 (-0.24 , 1.99)","0.49 (-0.63 , 1.62)","1.27 (0.09 , 2.45)","0.63 (-0.46 , 1.71)","0.91 (-0.22 , 2.04)","0.46 (-0.57 , 1.49)","-0.37 (-1.32 , 0.59)","-0.1 (-1.08 , 0.89)","0.07 (-1.01 , 1.14)","0.96 (-0.25 , 2.18)","0.78 (-0.46 , 2.02)","-0.41 (-1.66 , 0.85)","0.79 (-0.36 , 1.93)","0.38 (-0.81 , 1.57)","0.26 (-0.63 , 1.16)","0.71 (-0.38 , 1.8)","0.89 (-0.21 , 2)","0.97 (-0.21 , 2.16)","1.25 (0.15 , 2.35)","1.04 (0.01 , 2.06)","1.34 (0.16 , 2.53)","0.74 (-0.46 , 1.93)","1.21 (0.14 , 2.29)","0.83 (-0.26 , 1.92)","0.41 (-0.86 , 1.68)","0.39 (-0.97 , 1.76)","-0.38 (-1.45 , 0.69)","0.8 (-0.2 , 1.81)","0.17 (-1.24 , 1.58)"
MS2,NA,NA,NA,NA,NA,NA,"-1.27 (-2.62 , 0.08)","1.09 (0.15 , 2.03)","1.65 (0.38 , 2.91)","1.26 (-0.01 , 2.53)","2.04 (0.72 , 3.36)","1.4 (0.16 , 2.64)","1.68 (0.4 , 2.96)","1.23 (0.04 , 2.42)","0.4 (-0.3 , 1.1)","0.68 (-0.07 , 1.42)","0.84 (-0.02 , 1.69)","1.73 (0.5 , 2.96)","1.55 (0.3 , 2.8)","0.36 (-1.03 , 1.75)","1.56 (0.4 , 2.72)","1.15 (0.01 , 2.29)","1.03 (0.2 , 1.87)","1.48 (0.44 , 2.52)","1.67 (0.41 , 2.92)","1.74 (0.42 , 3.07)","2.02 (0.77 , 3.27)","1.81 (0.62 , 2.99)","2.11 (0.79 , 3.44)","1.51 (0.18 , 2.84)","1.98 (0.75 , 3.21)","1.6 (0.36 , 2.84)","1.18 (0.09 , 2.27)","1.16 (-0.21 , 2.54)","0.39 (-0.23 , 1.02)","1.57 (0.48 , 2.67)","0.94 (-0.3 , 2.19)"
NL.R,NA,NA,NA,NA,NA,NA,NA,"2.36 (1.04 , 3.67)","2.91 (1.5 , 4.33)","2.53 (1.12 , 3.95)","3.31 (1.85 , 4.77)","2.67 (1.28 , 4.05)","2.95 (1.53 , 4.38)","2.5 (1.15 , 3.84)","1.67 (0.13 , 3.22)","1.94 (0.76 , 3.13)","2.11 (0.85 , 3.36)","3 (1.62 , 4.38)","2.82 (1.42 , 4.22)","1.63 (0.11 , 3.16)","2.82 (1.51 , 4.14)","2.42 (0.95 , 3.89)","2.3 (1.06 , 3.54)","2.75 (1.36 , 4.14)","2.93 (1.53 , 4.33)","3.01 (1.55 , 4.48)","3.29 (1.89 , 4.68)","3.07 (1.73 , 4.42)","3.38 (1.92 , 4.85)","2.78 (1.3 , 4.25)","3.25 (1.87 , 4.63)","2.87 (1.48 , 4.26)","2.45 (1.02 , 3.88)","2.43 (0.92 , 3.94)","1.66 (0.33 , 2.99)","2.84 (1.39 , 4.3)","2.21 (0.5 , 3.92)"
NL.R.FF.BFS,NA,NA,NA,NA,NA,NA,NA,NA,"0.56 (-0.3 , 1.42)","0.17 (-0.86 , 1.21)","0.95 (0.01 , 1.89)","0.31 (-0.51 , 1.13)","0.59 (-0.28 , 1.47)","0.14 (-0.79 , 1.07)","-0.68 (-1.88 , 0.52)","-0.41 (-1.09 , 0.26)","-0.25 (-0.82 , 0.31)","0.65 (-0.24 , 1.54)","0.46 (-0.34 , 1.26)","-0.72 (-1.9 , 0.45)","0.47 (-0.42 , 1.36)","0.06 (-1.04 , 1.16)","-0.06 (-0.85 , 0.73)","0.39 (-0.43 , 1.22)","0.58 (-0.26 , 1.42)","0.66 (-0.29 , 1.61)","0.93 (-0.07 , 1.93)","0.72 (-0.21 , 1.64)","1.03 (0.08 , 1.97)","0.42 (-0.49 , 1.33)","0.89 (-0.08 , 1.87)","0.51 (-0.48 , 1.51)","0.09 (-0.79 , 0.98)","0.08 (-0.94 , 1.09)","-0.7 (-1.6 , 0.21)","0.49 (-0.6 , 1.57)","-0.14 (-1.44 , 1.15)"
NL.R.ME.VT.WTS.FF.MS2,NA,NA,NA,NA,NA,NA,NA,NA,NA,"-0.38 (-1.12 , 0.36)","0.39 (-0.21 , 1)","-0.25 (-0.59 , 0.09)","0.04 (-0.47 , 0.54)","-0.42 (-1 , 0.17)","-1.24 (-2.55 , 0.06)","-0.97 (-1.82 , -0.12)","-0.81 (-1.57 , -0.04)","0.09 (-0.69 , 0.86)","-0.1 (-0.81 , 0.62)","-1.28 (-2.21 , -0.35)","-0.09 (-0.86 , 0.69)","-0.5 (-1.57 , 0.58)","-0.61 (-1.36 , 0.14)","-0.17 (-0.95 , 0.62)","0.02 (-0.41 , 0.45)","0.1 (-0.52 , 0.72)","0.37 (-0.32 , 1.07)","0.16 (-0.43 , 0.75)","0.47 (-0.15 , 1.09)","-0.14 (-0.77 , 0.5)","0.34 (-0.33 , 1)","-0.04 (-0.73 , 0.64)","-0.46 (-1.49 , 0.56)","-0.48 (-1.4 , 0.43)","-1.25 (-2.44 , -0.07)","-0.07 (-0.98 , 0.83)","-0.7 (-2.09 , 0.69)"
NL.R.ME.VT.WTS.MS2,NA,NA,NA,NA,NA,NA,NA,NA,NA,NA,"0.78 (-0.05 , 1.6)","0.14 (-0.55 , 0.82)","0.42 (-0.34 , 1.18)","-0.03 (-0.63 , 0.57)","-0.86 (-2.17 , 0.45)","-0.59 (-1.44 , 0.27)","-0.43 (-1.38 , 0.52)","0.47 (-0.41 , 1.35)","0.29 (-0.62 , 1.2)","-0.9 (-1.83 , 0.03)","0.29 (-0.49 , 1.07)","-0.11 (-1.19 , 0.96)","-0.23 (-0.97 , 0.51)","0.22 (-0.75 , 1.19)","0.4 (-0.31 , 1.11)","0.48 (-0.36 , 1.32)","0.76 (0.05 , 1.46)","0.54 (-0.05 , 1.14)","0.85 (0.01 , 1.69)","0.25 (-0.6 , 1.1)","0.72 (0.05 , 1.39)","0.34 (-0.35 , 1.03)","-0.08 (-1.25 , 1.09)","-0.1 (-1.18 , 0.98)","-0.87 (-2.06 , 0.32)","0.31 (-0.6 , 1.22)","-0.32 (-1.82 , 1.18)"
NL.R.VT.FF.WXA.MS2,NA,NA,NA,NA,NA,NA,NA,NA,NA,NA,NA,"-0.64 (-1.18 , -0.1)","-0.36 (-0.98 , 0.27)","-0.81 (-1.51 , -0.11)","-1.64 (-2.99 , -0.28)","-1.36 (-2.29 , -0.44)","-1.2 (-2.05 , -0.35)","-0.31 (-1.16 , 0.55)","-0.49 (-1.29 , 0.31)","-1.68 (-2.68 , -0.68)","-0.48 (-1.34 , 0.37)","-0.89 (-2.03 , 0.24)","-1.01 (-1.84 , -0.17)","-0.56 (-1.43 , 0.31)","-0.37 (-0.94 , 0.19)","-0.29 (-1.02 , 0.43)","-0.02 (-0.81 , 0.77)","-0.23 (-0.93 , 0.46)","0.07 (-0.65 , 0.79)","-0.53 (-1.26 , 0.2)","-0.06 (-0.82 , 0.7)","-0.44 (-1.22 , 0.34)","-0.86 (-1.95 , 0.23)","-0.88 (-1.86 , 0.11)","-1.65 (-2.89 , -0.41)","-0.47 (-1.45 , 0.51)","-1.1 (-2.54 , 0.34)"
NL.R.VT.WTS.FF.MS2,NA,NA,NA,NA,NA,NA,NA,NA,NA,NA,NA,NA,"0.28 (-0.14 , 0.71)","-0.17 (-0.68 , 0.34)","-0.99 (-2.27 , 0.28)","-0.72 (-1.53 , 0.08)","-0.56 (-1.28 , 0.15)","0.34 (-0.39 , 1.06)","0.15 (-0.51 , 0.81)","-1.03 (-1.92 , -0.15)","0.16 (-0.57 , 0.88)","-0.25 (-1.29 , 0.79)","-0.37 (-1.07 , 0.33)","0.08 (-0.66 , 0.82)","0.27 (-0.07 , 0.61)","0.35 (-0.21 , 0.9)","0.62 (-0.02 , 1.27)","0.41 (-0.11 , 0.93)","0.72 (0.16 , 1.27)","0.11 (-0.46 , 0.69)","0.58 (-0.02 , 1.19)","0.2 (-0.43 , 0.83)","-0.22 (-1.2 , 0.77)","-0.23 (-1.11 , 0.64)","-1.01 (-2.16 , 0.15)","0.18 (-0.69 , 1.04)","-0.45 (-1.82 , 0.91)"
NL.R.VT.WTS.FF.MS2.BFS,NA,NA,NA,NA,NA,NA,NA,NA,NA,NA,NA,NA,NA,"-0.45 (-1.07 , 0.17)","-1.28 (-2.6 , 0.04)","-1.01 (-1.87 , -0.14)","-0.85 (-1.63 , -0.06)","0.05 (-0.74 , 0.85)","-0.13 (-0.87 , 0.6)","-1.32 (-2.26 , -0.37)","-0.13 (-0.92 , 0.67)","-0.53 (-1.62 , 0.55)","-0.65 (-1.42 , 0.12)","-0.2 (-1.01 , 0.61)","-0.02 (-0.49 , 0.45)","0.06 (-0.58 , 0.71)","0.34 (-0.38 , 1.06)","0.12 (-0.49 , 0.74)","0.43 (-0.21 , 1.07)","-0.17 (-0.83 , 0.49)","0.3 (-0.39 , 0.99)","-0.08 (-0.79 , 0.63)","-0.5 (-1.54 , 0.54)","-0.52 (-1.45 , 0.41)","-1.29 (-2.49 , -0.09)","-0.11 (-1.03 , 0.82)","-0.74 (-2.14 , 0.66)"
NL.R.VT.WTS.MS2,NA,NA,NA,NA,NA,NA,NA,NA,NA,NA,NA,NA,NA,NA,"-0.83 (-2.06 , 0.41)","-0.55 (-1.28 , 0.18)","-0.39 (-1.23 , 0.45)","0.51 (-0.26 , 1.27)","0.32 (-0.48 , 1.12)","-0.87 (-1.69 , -0.04)","0.33 (-0.32 , 0.97)","-0.08 (-1.06 , 0.9)","-0.2 (-0.8 , 0.4)","0.25 (-0.61 , 1.12)","0.44 (-0.12 , 1)","0.52 (-0.2 , 1.23)","0.79 (0.24 , 1.34)","0.58 (0.18 , 0.98)","0.88 (0.17 , 1.6)","0.28 (-0.45 , 1.01)","0.75 (0.25 , 1.26)","0.37 (-0.16 , 0.91)","-0.05 (-1.13 , 1.03)","-0.07 (-1.05 , 0.92)","-0.84 (-1.94 , 0.27)","0.34 (-0.45 , 1.14)","-0.29 (-1.72 , 1.15)"
R,NA,NA,NA,NA,NA,NA,NA,NA,NA,NA,NA,NA,NA,NA,NA,"0.27 (-0.78 , 1.32)","0.43 (-0.7 , 1.57)","1.33 (0.06 , 2.6)","1.15 (-0.14 , 2.43)","-0.04 (-1.47 , 1.39)","1.15 (-0.05 , 2.35)","0.75 (-0.62 , 2.11)","0.63 (-0.49 , 1.75)","1.08 (-0.21 , 2.36)","1.26 (-0.03 , 2.55)","1.34 (-0.02 , 2.71)","1.62 (0.33 , 2.9)","1.4 (0.17 , 2.63)","1.71 (0.35 , 3.07)","1.11 (-0.27 , 2.48)","1.58 (0.31 , 2.85)","1.2 (-0.08 , 2.48)","0.78 (-0.54 , 2.1)","0.76 (-0.65 , 2.17)","-0.01 (-0.66 , 0.64)","1.17 (0.28 , 2.05)","0.54 (-0.72 , 1.8)"
R.BFS,NA,NA,NA,NA,NA,NA,NA,NA,NA,NA,NA,NA,NA,NA,NA,NA,"0.16 (-0.33 , 0.65)","1.06 (0.27 , 1.85)","0.87 (0.05 , 1.7)","-0.31 (-1.33 , 0.71)","0.88 (0.2 , 1.56)","0.47 (-0.46 , 1.41)","0.36 (-0.16 , 0.87)","0.8 (-0.01 , 1.62)","0.99 (0.17 , 1.81)","1.07 (0.13 , 2.01)","1.34 (0.53 , 2.16)","1.13 (0.41 , 1.86)","1.44 (0.5 , 2.37)","0.83 (-0.11 , 1.78)","1.31 (0.52 , 2.09)","0.93 (0.12 , 1.73)","0.51 (-0.35 , 1.36)","0.49 (-0.51 , 1.49)","-0.28 (-0.98 , 0.41)","0.9 (-0.02 , 1.82)","0.27 (-1.02 , 1.55)"
R.FF.BFS,NA,NA,NA,NA,NA,NA,NA,NA,NA,NA,NA,NA,NA,NA,NA,NA,NA,"0.9 (0.1 , 1.69)","0.71 (-0.03 , 1.45)","-0.47 (-1.58 , 0.63)","0.72 (-0.08 , 1.52)","0.31 (-0.71 , 1.34)","0.19 (-0.49 , 0.88)","0.64 (-0.08 , 1.37)","0.83 (0.09 , 1.57)","0.91 (0.05 , 1.77)","1.18 (0.26 , 2.1)","0.97 (0.13 , 1.81)","1.28 (0.42 , 2.14)","0.67 (-0.2 , 1.55)","1.14 (0.25 , 2.04)","0.76 (-0.15 , 1.68)","0.34 (-0.38 , 1.07)","0.33 (-0.61 , 1.26)","-0.44 (-1.26 , 0.37)","0.74 (-0.27 , 1.75)","0.11 (-1.12 , 1.34)"
R.FF.MS2,NA,NA,NA,NA,NA,NA,NA,NA,NA,NA,NA,NA,NA,NA,NA,NA,NA,NA,"-0.19 (-0.93 , 0.56)","-1.37 (-2.42 , -0.32)","-0.18 (-0.89 , 0.54)","-0.59 (-1.76 , 0.59)","-0.7 (-1.59 , 0.18)","-0.25 (-1.25 , 0.74)","-0.07 (-0.82 , 0.68)","0.01 (-0.86 , 0.88)","0.29 (-0.56 , 1.14)","0.07 (-0.69 , 0.83)","0.38 (-0.49 , 1.25)","-0.22 (-1.11 , 0.66)","0.25 (-0.57 , 1.07)","-0.13 (-0.97 , 0.71)","-0.55 (-1.6 , 0.49)","-0.57 (-1.51 , 0.37)","-1.34 (-2.34 , -0.35)","-0.16 (-1.11 , 0.79)","-0.79 (-2.2 , 0.62)"
R.FF.MS2.BFS,NA,NA,NA,NA,NA,NA,NA,NA,NA,NA,NA,NA,NA,NA,NA,NA,NA,NA,NA,"-1.19 (-2.26 , -0.11)","0.01 (-0.74 , 0.76)","-0.4 (-1.6 , 0.8)","-0.52 (-1.44 , 0.4)","-0.07 (-1.02 , 0.88)","0.12 (-0.57 , 0.8)","0.2 (-0.62 , 1.01)","0.47 (-0.41 , 1.35)","0.26 (-0.53 , 1.05)","0.57 (-0.25 , 1.38)","-0.04 (-0.67 , 0.59)","0.43 (-0.42 , 1.28)","0.05 (-0.82 , 0.92)","-0.37 (-1.37 , 0.63)","-0.38 (-1.28 , 0.51)","-1.16 (-2.18 , -0.14)","0.02 (-0.95 , 1)","-0.61 (-1.98 , 0.77)"
R.ME.VT.MS2,NA,NA,NA,NA,NA,NA,NA,NA,NA,NA,NA,NA,NA,NA,NA,NA,NA,NA,NA,NA,"1.19 (0.23 , 2.16)","0.79 (-0.43 , 2)","0.67 (-0.26 , 1.6)","1.12 (-0.01 , 2.24)","1.3 (0.39 , 2.21)","1.38 (0.37 , 2.39)","1.66 (0.75 , 2.56)","1.44 (0.62 , 2.26)","1.75 (0.74 , 2.76)","1.15 (0.13 , 2.17)","1.62 (0.74 , 2.49)","1.24 (0.34 , 2.13)","0.82 (-0.48 , 2.11)","0.8 (-0.41 , 2.02)","0.03 (-1.29 , 1.34)","1.21 (0.14 , 2.28)","0.58 (-1.02 , 2.18)"
R.MS2,NA,NA,NA,NA,NA,NA,NA,NA,NA,NA,NA,NA,NA,NA,NA,NA,NA,NA,NA,NA,NA,"-0.41 (-1.51 , 0.7)","-0.52 (-1.3 , 0.26)","-0.08 (-1.08 , 0.92)","0.11 (-0.64 , 0.86)","0.19 (-0.68 , 1.06)","0.46 (-0.28 , 1.21)","0.25 (-0.39 , 0.89)","0.56 (-0.31 , 1.43)","-0.05 (-0.93 , 0.84)","0.43 (-0.29 , 1.14)","0.05 (-0.69 , 0.78)","-0.37 (-1.42 , 0.67)","-0.39 (-1.33 , 0.55)","-1.16 (-2.07 , -0.26)","0.02 (-0.83 , 0.87)","-0.61 (-2.02 , 0.8)"
R.VT,NA,NA,NA,NA,NA,NA,NA,NA,NA,NA,NA,NA,NA,NA,NA,NA,NA,NA,NA,NA,NA,NA,"-0.12 (-0.96 , 0.72)","0.33 (-0.71 , 1.38)","0.52 (-0.54 , 1.57)","0.6 (-0.55 , 1.74)","0.87 (-0.18 , 1.92)","0.66 (-0.32 , 1.64)","0.96 (-0.18 , 2.11)","0.36 (-0.79 , 1.51)","0.83 (-0.2 , 1.86)","0.45 (-0.59 , 1.49)","0.03 (-1.2 , 1.26)","0.01 (-1.31 , 1.34)","-0.76 (-2.01 , 0.49)","0.42 (-0.77 , 1.62)","-0.21 (-1.76 , 1.35)"
R.VT.BFS,NA,NA,NA,NA,NA,NA,NA,NA,NA,NA,NA,NA,NA,NA,NA,NA,NA,NA,NA,NA,NA,NA,NA,"0.45 (-0.26 , 1.16)","0.63 (-0.09 , 1.36)","0.71 (-0.14 , 1.56)","0.99 (0.29 , 1.69)","0.77 (0.18 , 1.37)","1.08 (0.23 , 1.93)","0.48 (-0.38 , 1.34)","0.95 (0.28 , 1.62)","0.57 (-0.12 , 1.26)","0.15 (-0.81 , 1.11)","0.13 (-0.95 , 1.22)","-0.64 (-1.62 , 0.34)","0.54 (-0.37 , 1.45)","-0.09 (-1.44 , 1.26)"
R.VT.FF.BFS,NA,NA,NA,NA,NA,NA,NA,NA,NA,NA,NA,NA,NA,NA,NA,NA,NA,NA,NA,NA,NA,NA,NA,NA,"0.19 (-0.58 , 0.95)","0.27 (-0.62 , 1.15)","0.54 (-0.4 , 1.48)","0.33 (-0.53 , 1.19)","0.63 (-0.25 , 1.52)","0.03 (-0.86 , 0.93)","0.5 (-0.41 , 1.42)","0.12 (-0.81 , 1.05)","-0.3 (-1.29 , 0.69)","-0.32 (-1.43 , 0.8)","-1.09 (-2.25 , 0.07)","0.09 (-1.01 , 1.2)","-0.54 (-1.91 , 0.83)"
R.VT.FF.MS2.BFS,NA,NA,NA,NA,NA,NA,NA,NA,NA,NA,NA,NA,NA,NA,NA,NA,NA,NA,NA,NA,NA,NA,NA,NA,NA,"0.08 (-0.51 , 0.67)","0.35 (-0.32 , 1.03)","0.14 (-0.41 , 0.69)","0.45 (-0.11 , 1.01)","-0.16 (-0.76 , 0.45)","0.32 (-0.32 , 0.95)","-0.06 (-0.72 , 0.6)","-0.48 (-1.49 , 0.52)","-0.5 (-1.4 , 0.39)","-1.27 (-2.44 , -0.1)","-0.09 (-0.98 , 0.79)","-0.72 (-2.1 , 0.66)"
R.VT.FF.WXA.MS2.BFS,NA,NA,NA,NA,NA,NA,NA,NA,NA,NA,NA,NA,NA,NA,NA,NA,NA,NA,NA,NA,NA,NA,NA,NA,NA,NA,"0.27 (-0.53 , 1.08)","0.06 (-0.65 , 0.77)","0.37 (-0.37 , 1.1)","-0.24 (-0.99 , 0.51)","0.24 (-0.54 , 1.01)","-0.14 (-0.74 , 0.45)","-0.56 (-1.66 , 0.53)","-0.58 (-1.58 , 0.42)","-1.35 (-2.6 , -0.1)","-0.17 (-1.16 , 0.82)","-0.8 (-2.25 , 0.65)"
R.VT.MS2,NA,NA,NA,NA,NA,NA,NA,NA,NA,NA,NA,NA,NA,NA,NA,NA,NA,NA,NA,NA,NA,NA,NA,NA,NA,NA,NA,"-0.21 (-0.76 , 0.33)","0.09 (-0.71 , 0.9)","-0.51 (-1.33 , 0.31)","-0.04 (-0.67 , 0.59)","-0.42 (-1.07 , 0.23)","-0.84 (-1.98 , 0.3)","-0.86 (-1.91 , 0.19)","-1.63 (-2.79 , -0.46)","-0.45 (-1.33 , 0.43)","-1.08 (-2.56 , 0.41)"
R.VT.MS2.BFS,NA,NA,NA,NA,NA,NA,NA,NA,NA,NA,NA,NA,NA,NA,NA,NA,NA,NA,NA,NA,NA,NA,NA,NA,NA,NA,NA,NA,"0.31 (-0.4 , 1.02)","-0.3 (-1.02 , 0.43)","0.18 (-0.32 , 0.67)","-0.2 (-0.73 , 0.32)","-0.62 (-1.7 , 0.45)","-0.64 (-1.62 , 0.34)","-1.41 (-2.52 , -0.31)","-0.23 (-1.03 , 0.56)","-0.86 (-2.3 , 0.57)"
R.VT.WTS.FF.MS2,NA,NA,NA,NA,NA,NA,NA,NA,NA,NA,NA,NA,NA,NA,NA,NA,NA,NA,NA,NA,NA,NA,NA,NA,NA,NA,NA,NA,NA,"-0.6 (-1.35 , 0.14)","-0.13 (-0.91 , 0.64)","-0.51 (-1.3 , 0.28)","-0.93 (-2.03 , 0.16)","-0.95 (-1.95 , 0.05)","-1.72 (-2.97 , -0.47)","-0.54 (-1.53 , 0.45)","-1.17 (-2.62 , 0.28)"
R.VT.WTS.FF.WXA.MS2.BFS,NA,NA,NA,NA,NA,NA,NA,NA,NA,NA,NA,NA,NA,NA,NA,NA,NA,NA,NA,NA,NA,NA,NA,NA,NA,NA,NA,NA,NA,NA,"0.47 (-0.32 , 1.26)","0.09 (-0.71 , 0.9)","-0.33 (-1.43 , 0.78)","-0.35 (-1.35 , 0.66)","-1.12 (-2.38 , 0.14)","0.06 (-0.94 , 1.06)","-0.57 (-2.02 , 0.89)"
R.VT.WTS.MS2,NA,NA,NA,NA,NA,NA,NA,NA,NA,NA,NA,NA,NA,NA,NA,NA,NA,NA,NA,NA,NA,NA,NA,NA,NA,NA,NA,NA,NA,NA,NA,"-0.38 (-0.99 , 0.23)","-0.8 (-1.92 , 0.32)","-0.82 (-1.84 , 0.21)","-1.59 (-2.73 , -0.44)","-0.41 (-1.26 , 0.44)","-1.04 (-2.5 , 0.43)"
R.VT.WXA.MS2,NA,NA,NA,NA,NA,NA,NA,NA,NA,NA,NA,NA,NA,NA,NA,NA,NA,NA,NA,NA,NA,NA,NA,NA,NA,NA,NA,NA,NA,NA,NA,NA,"-0.42 (-1.56 , 0.72)","-0.44 (-1.48 , 0.6)","-1.21 (-2.37 , -0.05)","-0.03 (-0.9 , 0.84)","-0.66 (-2.14 , 0.82)"
R.WTS.FF.BFS,NA,NA,NA,NA,NA,NA,NA,NA,NA,NA,NA,NA,NA,NA,NA,NA,NA,NA,NA,NA,NA,NA,NA,NA,NA,NA,NA,NA,NA,NA,NA,NA,NA,"-0.02 (-1.17 , 1.14)","-0.79 (-1.85 , 0.27)","0.39 (-0.82 , 1.61)","-0.24 (-1.64 , 1.17)"
R.WTS.FF.MS2.BFS,NA,NA,NA,NA,NA,NA,NA,NA,NA,NA,NA,NA,NA,NA,NA,NA,NA,NA,NA,NA,NA,NA,NA,NA,NA,NA,NA,NA,NA,NA,NA,NA,NA,NA,"-0.77 (-1.94 , 0.4)","0.41 (-0.72 , 1.54)","-0.22 (-1.71 , 1.27)"
VT,NA,NA,NA,NA,NA,NA,NA,NA,NA,NA,NA,NA,NA,NA,NA,NA,NA,NA,NA,NA,NA,NA,NA,NA,NA,NA,NA,NA,NA,NA,NA,NA,NA,NA,NA,"1.18 (0.26 , 2.1)","0.55 (-0.67 , 1.77)"
VT.MS2,NA,NA,NA,NA,NA,NA,NA,NA,NA,NA,NA,NA,NA,NA,NA,NA,NA,NA,NA,NA,NA,NA,NA,NA,NA,NA,NA,NA,NA,NA,NA,NA,NA,NA,NA,NA,"-0.63 (-1.99 , 0.73)"
